[
    {
        "phy_payload": {
            "mhdr": {
                "f_type": "UnconfirmedDataDown",
                "major": "LoRaWANR1"
            },
            "mic": [
                29,
                133,
                214,
                194
            ],
            "payload": {
                "f_port": null,
                "fhdr": {
                    "devaddr": "01a096a1",
                    "f_cnt": 0,
                    "f_ctrl": {
                        "ack": false,
                        "adr": true,
                        "adr_ack_req": false,
                        "class_b": false,
                        "f_opts_len": 6,
                        "f_pending": false
                    },
                    "f_opts": [
                        {
                            "Raw": [
                                3,
                                83,
                                7,
                                0,
                                1,
                                6
                            ]
                        }
                    ]
                },
                "frm_payload": null
            }
        },
        "tx_info": {
            "context": "g1M4lw==",
            "frequency": 866550000,
            "modulation": {
                "lora": {
                    "bandwidth": 125000,
                    "codeRate": "CR_4_5",
                    "polarizationInversion": true,
                    "spreadingFactor": 10
                }
            },
            "power": 30,
            "timing": {
                "delay": {
                    "delay": "2s"
                }
            }
        }
    },
    {
        "phy_payload": {
            "mhdr": {
                "f_type": "UnconfirmedDataUp",
                "major": "LoRaWANR1"
            },
            "mic": [
                166,
                134,
                39,
                173
            ],
            "payload": {
                "f_port": 1,
                "fhdr": {
                    "devaddr": "01a096a1",
                    "f_cnt": 0,
                    "f_ctrl": {
                        "ack": false,
                        "adr": true,
                        "adr_ack_req": false,
                        "class_b": false,
                        "f_opts_len": 0,
                        "f_pending": false
                    },
                    "f_opts": []
                },
                "frm_payload": "4595ffa4"
            }
        },
        "rx_info": [
            {
                "channel": 2,
                "context": "g1M4lw==",
                "crcStatus": "CRC_OK",
                "gatewayId": "0016c001ff1e795c",
                "gwTime": "2025-10-24T12:30:47.269271+00:00",
                "location": {
                    "latitude": 25.262053555076516,
                    "longitude": 82.9930720866443
                },
                "nsTime": "2025-10-24T11:54:05.415516482+00:00",
                "rfChain": 1,
                "rssi": -53,
                "snr": 13.75,
                "timeSinceGpsEpoch": "1445344266.269397332s",
                "uplinkId": 3564935739
            }
        ],
        "tx_info": {
            "frequency": 865985000,
            "modulation": {
                "lora": {
                    "bandwidth": 125000,
                    "codeRate": "CR_4_5",
                    "spreadingFactor": 7
                }
            }
        }
    },
    {
        "phy_payload": {
            "mhdr": {
                "f_type": "UnconfirmedDataUp",
                "major": "LoRaWANR1"
            },
            "mic": [
                166,
                134,
                39,
                173
            ],
            "payload": {
                "f_port": 1,
                "fhdr": {
                    "devaddr": "01a096a1",
                    "f_cnt": 0,
                    "f_ctrl": {
                        "ack": false,
                        "adr": true,
                        "adr_ack_req": false,
                        "class_b": false,
                        "f_opts_len": 0,
                        "f_pending": false
                    },
                    "f_opts": []
                },
                "frm_payload": "4595ffa4"
            }
        },
        "rx_info": [
            {
                "channel": 2,
                "context": "g1M4lw==",
                "crcStatus": "CRC_OK",
                "gatewayId": "0016c001ff1e795c",
                "gwTime": "2025-10-24T12:30:47.269271+00:00",
                "location": {
                    "latitude": 25.262053555076516,
                    "longitude": 82.9930720866443
                },
                "nsTime": "2025-10-24T11:54:05.416369103+00:00",
                "rfChain": 1,
                "rssi": -53,
                "snr": 13.75,
                "timeSinceGpsEpoch": "1445344266.269s",
                "uplinkId": 18358
            }
        ],
        "tx_info": {
            "frequency": 865985000,
            "modulation": {
                "lora": {
                    "bandwidth": 125000,
                    "codeRate": "CR_4_5",
                    "spreadingFactor": 7
                }
            }
        }
    },
    {
        "phy_payload": {
            "mhdr": {
                "f_type": "JoinAccept",
                "major": "LoRaWANR1"
            },
            "mic": [
                126,
                25,
                69,
                183
            ],
            "payload": "c028456066cfb6cd8481fce1"
        },
        "tx_info": {
            "context": "gwNUqg==",
            "frequency": 865402500,
            "modulation": {
                "lora": {
                    "bandwidth": 125000,
                    "codeRate": "CR_4_5",
                    "polarizationInversion": true,
                    "spreadingFactor": 7
                }
            },
            "power": 30,
            "timing": {
                "delay": {
                    "delay": "5s"
                }
            }
        }
    },
    {
        "phy_payload": {
            "mhdr": {
                "f_type": "JoinRequest",
                "major": "LoRaWANR1"
            },
            "mic": [
                95,
                80,
                189,
                69
            ],
            "payload": {
                "dev_eui": "b112e4e73d30bf9f",
                "dev_nonce": 6996,
                "join_eui": "0000000000000000"
            }
        },
        "rx_info": [
            {
                "channel": 1,
                "context": "gwNUqg==",
                "crcStatus": "CRC_OK",
                "gatewayId": "0016c001ff1e795c",
                "gwTime": "2025-10-24T12:30:37.033578+00:00",
                "location": {
                    "latitude": 25.262053555076516,
                    "longitude": 82.9930720866443
                },
                "nsTime": "2025-10-24T11:54:00.059699748+00:00",
                "rssi": -73,
                "snr": 13.25,
                "timeSinceGpsEpoch": "1445344256.041s",
                "uplinkId": 42009
            }
        ],
        "tx_info": {
            "frequency": 865402500,
            "modulation": {
                "lora": {
                    "bandwidth": 125000,
                    "codeRate": "CR_4_5",
                    "spreadingFactor": 7
                }
            }
        }
    },
    {
        "phy_payload": {
            "mhdr": {
                "f_type": "JoinRequest",
                "major": "LoRaWANR1"
            },
            "mic": [
                95,
                80,
                189,
                69
            ],
            "payload": {
                "dev_eui": "b112e4e73d30bf9f",
                "dev_nonce": 6996,
                "join_eui": "0000000000000000"
            }
        },
        "rx_info": [
            {
                "channel": 1,
                "context": "gwNUqg==",
                "crcStatus": "CRC_OK",
                "gatewayId": "0016c001ff1e795c",
                "gwTime": "2025-10-24T12:30:37.033578+00:00",
                "location": {
                    "latitude": 25.262053555076516,
                    "longitude": 82.9930720866443
                },
                "nsTime": "2025-10-24T11:54:00.059303195+00:00",
                "rssi": -73,
                "snr": 13.25,
                "timeSinceGpsEpoch": "1445344256.041702374s",
                "uplinkId": 2880872454
            }
        ],
        "tx_info": {
            "frequency": 865402500,
            "modulation": {
                "lora": {
                    "bandwidth": 125000,
                    "codeRate": "CR_4_5",
                    "spreadingFactor": 7
                }
            }
        }
    },
    {
        "phy_payload": {
            "mhdr": {
                "f_type": "UnconfirmedDataUp",
                "major": "LoRaWANR1"
            },
            "mic": [
                99,
                252,
                14,
                14
            ],
            "payload": {
                "f_port": 1,
                "fhdr": {
                    "devaddr": "00a53f81",
                    "f_cnt": 0,
                    "f_ctrl": {
                        "ack": false,
                        "adr": true,
                        "adr_ack_req": false,
                        "class_b": false,
                        "f_opts_len": 0,
                        "f_pending": false
                    },
                    "f_opts": []
                },
                "frm_payload": "66382812"
            }
        },
        "rx_info": [
            {
                "context": "f8s1bA==",
                "crcStatus": "CRC_OK",
                "gatewayId": "0016c001ff1e795c",
                "gwTime": "2025-10-24T12:28:49.023916+00:00",
                "location": {
                    "latitude": 25.262053555076516,
                    "longitude": 82.9930720866443
                },
                "nsTime": "2025-10-24T11:53:06.185688602+00:00",
                "rssi": -60,
                "snr": 13.75,
                "timeSinceGpsEpoch": "1445344147.024271130s",
                "uplinkId": 1080349873
            }
        ],
        "tx_info": {
            "frequency": 865062500,
            "modulation": {
                "lora": {
                    "bandwidth": 125000,
                    "codeRate": "CR_4_5",
                    "spreadingFactor": 7
                }
            }
        }
    },
    {
        "phy_payload": {
            "mhdr": {
                "f_type": "UnconfirmedDataUp",
                "major": "LoRaWANR1"
            },
            "mic": [
                99,
                252,
                14,
                14
            ],
            "payload": {
                "f_port": 1,
                "fhdr": {
                    "devaddr": "00a53f81",
                    "f_cnt": 0,
                    "f_ctrl": {
                        "ack": false,
                        "adr": true,
                        "adr_ack_req": false,
                        "class_b": false,
                        "f_opts_len": 0,
                        "f_pending": false
                    },
                    "f_opts": []
                },
                "frm_payload": "66382812"
            }
        },
        "rx_info": [
            {
                "context": "f8s1bA==",
                "crcStatus": "CRC_OK",
                "gatewayId": "0016c001ff1e795c",
                "gwTime": "2025-10-24T12:28:49.023916+00:00",
                "location": {
                    "latitude": 25.262053555076516,
                    "longitude": 82.9930720866443
                },
                "nsTime": "2025-10-24T11:53:06.186997373+00:00",
                "rssi": -60,
                "snr": 13.75,
                "timeSinceGpsEpoch": "1445344147.024s",
                "uplinkId": 12633
            }
        ],
        "tx_info": {
            "frequency": 865062500,
            "modulation": {
                "lora": {
                    "bandwidth": 125000,
                    "codeRate": "CR_4_5",
                    "spreadingFactor": 7
                }
            }
        }
    },
    {
        "phy_payload": {
            "mhdr": {
                "f_type": "JoinAccept",
                "major": "LoRaWANR1"
            },
            "mic": [
                0,
                141,
                226,
                125
            ],
            "payload": "86e342d092ed7d443cd6776c"
        },
        "tx_info": {
            "context": "f3tVkw==",
            "frequency": 865402500,
            "modulation": {
                "lora": {
                    "bandwidth": 125000,
                    "codeRate": "CR_4_5",
                    "polarizationInversion": true,
                    "spreadingFactor": 7
                }
            },
            "power": 30,
            "timing": {
                "delay": {
                    "delay": "5s"
                }
            }
        }
    },
    {
        "phy_payload": {
            "mhdr": {
                "f_type": "JoinRequest",
                "major": "LoRaWANR1"
            },
            "mic": [
                76,
                209,
                35,
                210
            ],
            "payload": {
                "dev_eui": "b112e4e73d30bf9f",
                "dev_nonce": 50546,
                "join_eui": "0000000000000000"
            }
        },
        "rx_info": [
            {
                "channel": 1,
                "context": "f3tVkw==",
                "crcStatus": "CRC_OK",
                "gatewayId": "0016c001ff1e795c",
                "gwTime": "2025-10-24T12:28:37.789267+00:00",
                "location": {
                    "latitude": 25.262053555076516,
                    "longitude": 82.9930720866443
                },
                "nsTime": "2025-10-24T11:53:00.956137728+00:00",
                "rssi": -59,
                "snr": 13.75,
                "timeSinceGpsEpoch": "1445344135.789s",
                "uplinkId": 56679
            }
        ],
        "tx_info": {
            "frequency": 865402500,
            "modulation": {
                "lora": {
                    "bandwidth": 125000,
                    "codeRate": "CR_4_5",
                    "spreadingFactor": 7
                }
            }
        }
    },
    {
        "phy_payload": {
            "mhdr": {
                "f_type": "JoinRequest",
                "major": "LoRaWANR1"
            },
            "mic": [
                76,
                209,
                35,
                210
            ],
            "payload": {
                "dev_eui": "b112e4e73d30bf9f",
                "dev_nonce": 50546,
                "join_eui": "0000000000000000"
            }
        },
        "rx_info": [
            {
                "channel": 1,
                "context": "f3tVkw==",
                "crcStatus": "CRC_OK",
                "gatewayId": "0016c001ff1e795c",
                "gwTime": "2025-10-24T12:28:37.789267+00:00",
                "location": {
                    "latitude": 25.262053555076516,
                    "longitude": 82.9930720866443
                },
                "nsTime": "2025-10-24T11:53:00.953427075+00:00",
                "rssi": -59,
                "snr": 13.75,
                "timeSinceGpsEpoch": "1445344135.789618060s",
                "uplinkId": 1022083415
            }
        ],
        "tx_info": {
            "frequency": 865402500,
            "modulation": {
                "lora": {
                    "bandwidth": 125000,
                    "codeRate": "CR_4_5",
                    "spreadingFactor": 7
                }
            }
        }
    },
    {
        "phy_payload": {
            "mhdr": {
                "f_type": "UnconfirmedDataDown",
                "major": "LoRaWANR1"
            },
            "mic": [
                138,
                236,
                239,
                66
            ],
            "payload": {
                "f_port": null,
                "fhdr": {
                    "devaddr": "002ab54f",
                    "f_cnt": 0,
                    "f_ctrl": {
                        "ack": false,
                        "adr": true,
                        "adr_ack_req": false,
                        "class_b": false,
                        "f_opts_len": 6,
                        "f_pending": false
                    },
                    "f_opts": [
                        {
                            "Raw": [
                                3,
                                83,
                                7,
                                0,
                                1,
                                6
                            ]
                        }
                    ]
                },
                "frm_payload": null
            }
        },
        "tx_info": {
            "context": "dX/nTw==",
            "frequency": 866550000,
            "modulation": {
                "lora": {
                    "bandwidth": 125000,
                    "codeRate": "CR_4_5",
                    "polarizationInversion": true,
                    "spreadingFactor": 10
                }
            },
            "power": 30,
            "timing": {
                "delay": {
                    "delay": "2s"
                }
            }
        }
    },
    {
        "phy_payload": {
            "mhdr": {
                "f_type": "UnconfirmedDataUp",
                "major": "LoRaWANR1"
            },
            "mic": [
                240,
                158,
                45,
                26
            ],
            "payload": {
                "f_port": 1,
                "fhdr": {
                    "devaddr": "002ab54f",
                    "f_cnt": 0,
                    "f_ctrl": {
                        "ack": false,
                        "adr": true,
                        "adr_ack_req": false,
                        "class_b": false,
                        "f_opts_len": 0,
                        "f_pending": false
                    },
                    "f_opts": []
                },
                "frm_payload": "5995d5fa"
            }
        },
        "rx_info": [
            {
                "context": "dX/nTw==",
                "crcStatus": "CRC_OK",
                "gatewayId": "0016c001ff1e795c",
                "gwTime": "2025-10-24T12:23:03.316559+00:00",
                "location": {
                    "latitude": 25.262053555076516,
                    "longitude": 82.9930720866443
                },
                "nsTime": "2025-10-24T11:50:13.386518175+00:00",
                "rssi": -59,
                "snr": 13.5,
                "timeSinceGpsEpoch": "1445343801.316s",
                "uplinkId": 22028
            }
        ],
        "tx_info": {
            "frequency": 865062500,
            "modulation": {
                "lora": {
                    "bandwidth": 125000,
                    "codeRate": "CR_4_5",
                    "spreadingFactor": 7
                }
            }
        }
    },
    {
        "phy_payload": {
            "mhdr": {
                "f_type": "UnconfirmedDataUp",
                "major": "LoRaWANR1"
            },
            "mic": [
                240,
                158,
                45,
                26
            ],
            "payload": {
                "f_port": 1,
                "fhdr": {
                    "devaddr": "002ab54f",
                    "f_cnt": 0,
                    "f_ctrl": {
                        "ack": false,
                        "adr": true,
                        "adr_ack_req": false,
                        "class_b": false,
                        "f_opts_len": 0,
                        "f_pending": false
                    },
                    "f_opts": []
                },
                "frm_payload": "5995d5fa"
            }
        },
        "rx_info": [
            {
                "context": "dX/nTw==",
                "crcStatus": "CRC_OK",
                "gatewayId": "0016c001ff1e795c",
                "gwTime": "2025-10-24T12:23:03.316559+00:00",
                "location": {
                    "latitude": 25.262053555076516,
                    "longitude": 82.9930720866443
                },
                "nsTime": "2025-10-24T11:50:13.384561954+00:00",
                "rssi": -59,
                "snr": 13.5,
                "timeSinceGpsEpoch": "1445343801.316633387s",
                "uplinkId": 803981091
            }
        ],
        "tx_info": {
            "frequency": 865062500,
            "modulation": {
                "lora": {
                    "bandwidth": 125000,
                    "codeRate": "CR_4_5",
                    "spreadingFactor": 7
                }
            }
        }
    },
    {
        "phy_payload": {
            "mhdr": {
                "f_type": "JoinAccept",
                "major": "LoRaWANR1"
            },
            "mic": [
                104,
                191,
                170,
                199
            ],
            "payload": "001fb73afc568303ed8de512"
        },
        "tx_info": {
            "context": "dTAHcg==",
            "frequency": 865402500,
            "modulation": {
                "lora": {
                    "bandwidth": 125000,
                    "codeRate": "CR_4_5",
                    "polarizationInversion": true,
                    "spreadingFactor": 7
                }
            },
            "power": 30,
            "timing": {
                "delay": {
                    "delay": "5s"
                }
            }
        }
    },
    {
        "phy_payload": {
            "mhdr": {
                "f_type": "JoinRequest",
                "major": "LoRaWANR1"
            },
            "mic": [
                249,
                176,
                125,
                40
            ],
            "payload": {
                "dev_eui": "b112e4e73d30bf9f",
                "dev_nonce": 53409,
                "join_eui": "0000000000000000"
            }
        },
        "rx_info": [
            {
                "channel": 1,
                "context": "dTAHcg==",
                "crcStatus": "CRC_OK",
                "gatewayId": "0016c001ff1e795c",
                "gwTime": "2025-10-24T12:22:53.081905999+00:00",
                "location": {
                    "latitude": 25.262053555076516,
                    "longitude": 82.9930720866443
                },
                "nsTime": "2025-10-24T11:50:08.147781005+00:00",
                "rssi": -68,
                "snr": 13.25,
                "timeSinceGpsEpoch": "1445343791.081971412s",
                "uplinkId": 2751596485
            }
        ],
        "tx_info": {
            "frequency": 865402500,
            "modulation": {
                "lora": {
                    "bandwidth": 125000,
                    "codeRate": "CR_4_5",
                    "spreadingFactor": 7
                }
            }
        }
    }
]