[
    {
        "phy_payload": {
            "mhdr": {
                "f_type": "UnconfirmedDataDown",
                "major": "LoRaWANR1"
            },
            "mic": [
                28,
                78,
                150,
                173
            ],
            "payload": {
                "f_port": null,
                "fhdr": {
                    "devaddr": "001ad56e",
                    "f_cnt": 0,
                    "f_ctrl": {
                        "ack": false,
                        "adr": true,
                        "adr_ack_req": false,
                        "class_b": false,
                        "f_opts_len": 6,
                        "f_pending": false
                    },
                    "f_opts": [
                        {
                            "Raw": [
                                3,
                                83,
                                7,
                                0,
                                1,
                                6
                            ]
                        }
                    ]
                },
                "frm_payload": null
            }
        },
        "tx_info": {
            "context": "jSgRbQ==",
            "frequency": 866550000,
            "modulation": {
                "lora": {
                    "bandwidth": 125000,
                    "codeRate": "CR_4_5",
                    "polarizationInversion": true,
                    "spreadingFactor": 10
                }
            },
            "power": 30,
            "timing": {
                "delay": {
                    "delay": "2s"
                }
            }
        }
    },
    {
        "phy_payload": {
            "mhdr": {
                "f_type": "UnconfirmedDataUp",
                "major": "LoRaWANR1"
            },
            "mic": [
                49,
                108,
                118,
                161
            ],
            "payload": {
                "f_port": 1,
                "fhdr": {
                    "devaddr": "001ad56e",
                    "f_cnt": 0,
                    "f_ctrl": {
                        "ack": false,
                        "adr": true,
                        "adr_ack_req": false,
                        "class_b": false,
                        "f_opts_len": 0,
                        "f_pending": false
                    },
                    "f_opts": []
                },
                "frm_payload": "5dbb8cba"
            }
        },
        "rx_info": [
            {
                "context": "jSgRbQ==",
                "crcStatus": "CRC_OK",
                "gatewayId": "0016c001ff1e795c",
                "gwTime": "2025-10-24T12:36:17.213357+00:00",
                "location": {
                    "latitude": 25.262053555076516,
                    "longitude": 82.9930720866443
                },
                "nsTime": "2025-10-24T11:56:50.282895310+00:00",
                "rssi": -67,
                "snr": 13,
                "timeSinceGpsEpoch": "1445344596.213s",
                "uplinkId": 11458
            }
        ],
        "tx_info": {
            "frequency": 865062500,
            "modulation": {
                "lora": {
                    "bandwidth": 125000,
                    "codeRate": "CR_4_5",
                    "spreadingFactor": 7
                }
            }
        }
    },
    {
        "phy_payload": {
            "mhdr": {
                "f_type": "UnconfirmedDataUp",
                "major": "LoRaWANR1"
            },
            "mic": [
                49,
                108,
                118,
                161
            ],
            "payload": {
                "f_port": 1,
                "fhdr": {
                    "devaddr": "001ad56e",
                    "f_cnt": 0,
                    "f_ctrl": {
                        "ack": false,
                        "adr": true,
                        "adr_ack_req": false,
                        "class_b": false,
                        "f_opts_len": 0,
                        "f_pending": false
                    },
                    "f_opts": []
                },
                "frm_payload": "5dbb8cba"
            }
        },
        "rx_info": [
            {
                "context": "jSgRbQ==",
                "crcStatus": "CRC_OK",
                "gatewayId": "0016c001ff1e795c",
                "gwTime": "2025-10-24T12:36:17.213357+00:00",
                "location": {
                    "latitude": 25.262053555076516,
                    "longitude": 82.9930720866443
                },
                "nsTime": "2025-10-24T11:56:50.281566805+00:00",
                "rssi": -67,
                "snr": 13,
                "timeSinceGpsEpoch": "1445344596.213546819s",
                "uplinkId": 1623854008
            }
        ],
        "tx_info": {
            "frequency": 865062500,
            "modulation": {
                "lora": {
                    "bandwidth": 125000,
                    "codeRate": "CR_4_5",
                    "spreadingFactor": 7
                }
            }
        }
    },
    {
        "phy_payload": {
            "mhdr": {
                "f_type": "JoinAccept",
                "major": "LoRaWANR1"
            },
            "mic": [
                182,
                243,
                205,
                64
            ],
            "payload": "cc63bf870faf10117098959a"
        },
        "tx_info": {
            "context": "jNgxgQ==",
            "frequency": 865402500,
            "modulation": {
                "lora": {
                    "bandwidth": 125000,
                    "codeRate": "CR_4_5",
                    "polarizationInversion": true,
                    "spreadingFactor": 7
                }
            },
            "power": 30,
            "timing": {
                "delay": {
                    "delay": "5s"
                }
            }
        }
    },
    {
        "phy_payload": {
            "mhdr": {
                "f_type": "JoinRequest",
                "major": "LoRaWANR1"
            },
            "mic": [
                60,
                119,
                2,
                251
            ],
            "payload": {
                "dev_eui": "b112e4e73d30bf9f",
                "dev_nonce": 15094,
                "join_eui": "0000000000000000"
            }
        },
        "rx_info": [
            {
                "channel": 1,
                "context": "jNgxgQ==",
                "crcStatus": "CRC_OK",
                "gatewayId": "0016c001ff1e795c",
                "gwTime": "2025-10-24T12:36:06.978689+00:00",
                "location": {
                    "latitude": 25.262053555076516,
                    "longitude": 82.9930720866443
                },
                "nsTime": "2025-10-24T11:56:45.090601484+00:00",
                "rssi": -73,
                "snr": 14.25,
                "timeSinceGpsEpoch": "1445344585.978s",
                "uplinkId": 44628
            }
        ],
        "tx_info": {
            "frequency": 865402500,
            "modulation": {
                "lora": {
                    "bandwidth": 125000,
                    "codeRate": "CR_4_5",
                    "spreadingFactor": 7
                }
            }
        }
    },
    {
        "phy_payload": {
            "mhdr": {
                "f_type": "JoinRequest",
                "major": "LoRaWANR1"
            },
            "mic": [
                60,
                119,
                2,
                251
            ],
            "payload": {
                "dev_eui": "b112e4e73d30bf9f",
                "dev_nonce": 15094,
                "join_eui": "0000000000000000"
            }
        },
        "rx_info": [
            {
                "channel": 1,
                "context": "jNgxgQ==",
                "crcStatus": "CRC_OK",
                "gatewayId": "0016c001ff1e795c",
                "gwTime": "2025-10-24T12:36:06.978689+00:00",
                "location": {
                    "latitude": 25.262053555076516,
                    "longitude": 82.9930720866443
                },
                "nsTime": "2025-10-24T11:56:45.047876188+00:00",
                "rssi": -73,
                "snr": 14.25,
                "timeSinceGpsEpoch": "1445344585.978876892s",
                "uplinkId": 1948666887
            }
        ],
        "tx_info": {
            "frequency": 865402500,
            "modulation": {
                "lora": {
                    "bandwidth": 125000,
                    "codeRate": "CR_4_5",
                    "spreadingFactor": 7
                }
            }
        }
    },
    {
        "phy_payload": {
            "mhdr": {
                "f_type": "UnconfirmedDataUp",
                "major": "LoRaWANR1"
            },
            "mic": [
                49,
                123,
                116,
                55
            ],
            "payload": {
                "f_port": 1,
                "fhdr": {
                    "devaddr": "005f5eab",
                    "f_cnt": 0,
                    "f_ctrl": {
                        "ack": false,
                        "adr": true,
                        "adr_ack_req": false,
                        "class_b": false,
                        "f_opts_len": 0,
                        "f_pending": false
                    },
                    "f_opts": []
                },
                "frm_payload": "d4b7beee"
            }
        },
        "rx_info": [
            {
                "channel": 1,
                "context": "ioezLQ==",
                "crcStatus": "CRC_OK",
                "gatewayId": "0016c001ff1e795c",
                "gwTime": "2025-10-24T12:34:49.149037+00:00",
                "location": {
                    "latitude": 25.262053555076516,
                    "longitude": 82.9930720866443
                },
                "nsTime": "2025-10-24T11:56:06.322066487+00:00",
                "rssi": -64,
                "snr": 13.5,
                "timeSinceGpsEpoch": "1445344508.149209858s",
                "uplinkId": 2945425423
            }
        ],
        "tx_info": {
            "frequency": 865402500,
            "modulation": {
                "lora": {
                    "bandwidth": 125000,
                    "codeRate": "CR_4_5",
                    "spreadingFactor": 7
                }
            }
        }
    },
    {
        "phy_payload": {
            "mhdr": {
                "f_type": "UnconfirmedDataUp",
                "major": "LoRaWANR1"
            },
            "mic": [
                49,
                123,
                116,
                55
            ],
            "payload": {
                "f_port": 1,
                "fhdr": {
                    "devaddr": "005f5eab",
                    "f_cnt": 0,
                    "f_ctrl": {
                        "ack": false,
                        "adr": true,
                        "adr_ack_req": false,
                        "class_b": false,
                        "f_opts_len": 0,
                        "f_pending": false
                    },
                    "f_opts": []
                },
                "frm_payload": "d4b7beee"
            }
        },
        "rx_info": [
            {
                "channel": 1,
                "context": "ioezLQ==",
                "crcStatus": "CRC_OK",
                "gatewayId": "0016c001ff1e795c",
                "gwTime": "2025-10-24T12:34:49.149037+00:00",
                "location": {
                    "latitude": 25.262053555076516,
                    "longitude": 82.9930720866443
                },
                "nsTime": "2025-10-24T11:56:06.324257487+00:00",
                "rssi": -64,
                "snr": 13.5,
                "timeSinceGpsEpoch": "1445344508.149s",
                "uplinkId": 41665
            }
        ],
        "tx_info": {
            "frequency": 865402500,
            "modulation": {
                "lora": {
                    "bandwidth": 125000,
                    "codeRate": "CR_4_5",
                    "spreadingFactor": 7
                }
            }
        }
    },
    {
        "phy_payload": {
            "mhdr": {
                "f_type": "JoinAccept",
                "major": "LoRaWANR1"
            },
            "mic": [
                242,
                22,
                42,
                16
            ],
            "payload": "8ac2c99516a9354e3d75fa1c"
        },
        "tx_info": {
            "context": "ijfTbA==",
            "frequency": 865985000,
            "modulation": {
                "lora": {
                    "bandwidth": 125000,
                    "codeRate": "CR_4_5",
                    "polarizationInversion": true,
                    "spreadingFactor": 7
                }
            },
            "power": 30,
            "timing": {
                "delay": {
                    "delay": "5s"
                }
            }
        }
    },
    {
        "phy_payload": {
            "mhdr": {
                "f_type": "JoinRequest",
                "major": "LoRaWANR1"
            },
            "mic": [
                58,
                52,
                194,
                216
            ],
            "payload": {
                "dev_eui": "b112e4e73d30bf9f",
                "dev_nonce": 48130,
                "join_eui": "0000000000000000"
            }
        },
        "rx_info": [
            {
                "channel": 2,
                "context": "ijfTbA==",
                "crcStatus": "CRC_OK",
                "gatewayId": "0016c001ff1e795c",
                "gwTime": "2025-10-24T12:34:38.914412+00:00",
                "location": {
                    "latitude": 25.262053555076516,
                    "longitude": 82.9930720866443
                },
                "nsTime": "2025-10-24T11:56:01.237319490+00:00",
                "rfChain": 1,
                "rssi": -63,
                "snr": 14,
                "timeSinceGpsEpoch": "1445344497.914582929s",
                "uplinkId": 2191551814
            }
        ],
        "tx_info": {
            "frequency": 865985000,
            "modulation": {
                "lora": {
                    "bandwidth": 125000,
                    "codeRate": "CR_4_5",
                    "spreadingFactor": 7
                }
            }
        }
    },
    {
        "phy_payload": {
            "mhdr": {
                "f_type": "JoinRequest",
                "major": "LoRaWANR1"
            },
            "mic": [
                58,
                52,
                194,
                216
            ],
            "payload": {
                "dev_eui": "b112e4e73d30bf9f",
                "dev_nonce": 48130,
                "join_eui": "0000000000000000"
            }
        },
        "rx_info": [
            {
                "channel": 2,
                "context": "ijfTbA==",
                "crcStatus": "CRC_OK",
                "gatewayId": "0016c001ff1e795c",
                "gwTime": "2025-10-24T12:34:38.914412+00:00",
                "location": {
                    "latitude": 25.262053555076516,
                    "longitude": 82.9930720866443
                },
                "nsTime": "2025-10-24T11:56:01.239676111+00:00",
                "rfChain": 1,
                "rssi": -63,
                "snr": 14,
                "timeSinceGpsEpoch": "1445344497.914s",
                "uplinkId": 18130
            }
        ],
        "tx_info": {
            "frequency": 865985000,
            "modulation": {
                "lora": {
                    "bandwidth": 125000,
                    "codeRate": "CR_4_5",
                    "spreadingFactor": 7
                }
            }
        }
    },
    {
        "phy_payload": {
            "mhdr": {
                "f_type": "UnconfirmedDataDown",
                "major": "LoRaWANR1"
            },
            "mic": [
                29,
                133,
                214,
                194
            ],
            "payload": {
                "f_port": null,
                "fhdr": {
                    "devaddr": "01a096a1",
                    "f_cnt": 0,
                    "f_ctrl": {
                        "ack": false,
                        "adr": true,
                        "adr_ack_req": false,
                        "class_b": false,
                        "f_opts_len": 6,
                        "f_pending": false
                    },
                    "f_opts": [
                        {
                            "Raw": [
                                3,
                                83,
                                7,
                                0,
                                1,
                                6
                            ]
                        }
                    ]
                },
                "frm_payload": null
            }
        },
        "tx_info": {
            "context": "g1M4lw==",
            "frequency": 866550000,
            "modulation": {
                "lora": {
                    "bandwidth": 125000,
                    "codeRate": "CR_4_5",
                    "polarizationInversion": true,
                    "spreadingFactor": 10
                }
            },
            "power": 30,
            "timing": {
                "delay": {
                    "delay": "2s"
                }
            }
        }
    },
    {
        "phy_payload": {
            "mhdr": {
                "f_type": "UnconfirmedDataUp",
                "major": "LoRaWANR1"
            },
            "mic": [
                166,
                134,
                39,
                173
            ],
            "payload": {
                "f_port": 1,
                "fhdr": {
                    "devaddr": "01a096a1",
                    "f_cnt": 0,
                    "f_ctrl": {
                        "ack": false,
                        "adr": true,
                        "adr_ack_req": false,
                        "class_b": false,
                        "f_opts_len": 0,
                        "f_pending": false
                    },
                    "f_opts": []
                },
                "frm_payload": "4595ffa4"
            }
        },
        "rx_info": [
            {
                "channel": 2,
                "context": "g1M4lw==",
                "crcStatus": "CRC_OK",
                "gatewayId": "0016c001ff1e795c",
                "gwTime": "2025-10-24T12:30:47.269271+00:00",
                "location": {
                    "latitude": 25.262053555076516,
                    "longitude": 82.9930720866443
                },
                "nsTime": "2025-10-24T11:54:05.415516482+00:00",
                "rfChain": 1,
                "rssi": -53,
                "snr": 13.75,
                "timeSinceGpsEpoch": "1445344266.269397332s",
                "uplinkId": 3564935739
            }
        ],
        "tx_info": {
            "frequency": 865985000,
            "modulation": {
                "lora": {
                    "bandwidth": 125000,
                    "codeRate": "CR_4_5",
                    "spreadingFactor": 7
                }
            }
        }
    },
    {
        "phy_payload": {
            "mhdr": {
                "f_type": "UnconfirmedDataUp",
                "major": "LoRaWANR1"
            },
            "mic": [
                166,
                134,
                39,
                173
            ],
            "payload": {
                "f_port": 1,
                "fhdr": {
                    "devaddr": "01a096a1",
                    "f_cnt": 0,
                    "f_ctrl": {
                        "ack": false,
                        "adr": true,
                        "adr_ack_req": false,
                        "class_b": false,
                        "f_opts_len": 0,
                        "f_pending": false
                    },
                    "f_opts": []
                },
                "frm_payload": "4595ffa4"
            }
        },
        "rx_info": [
            {
                "channel": 2,
                "context": "g1M4lw==",
                "crcStatus": "CRC_OK",
                "gatewayId": "0016c001ff1e795c",
                "gwTime": "2025-10-24T12:30:47.269271+00:00",
                "location": {
                    "latitude": 25.262053555076516,
                    "longitude": 82.9930720866443
                },
                "nsTime": "2025-10-24T11:54:05.416369103+00:00",
                "rfChain": 1,
                "rssi": -53,
                "snr": 13.75,
                "timeSinceGpsEpoch": "1445344266.269s",
                "uplinkId": 18358
            }
        ],
        "tx_info": {
            "frequency": 865985000,
            "modulation": {
                "lora": {
                    "bandwidth": 125000,
                    "codeRate": "CR_4_5",
                    "spreadingFactor": 7
                }
            }
        }
    },
    {
        "phy_payload": {
            "mhdr": {
                "f_type": "JoinAccept",
                "major": "LoRaWANR1"
            },
            "mic": [
                126,
                25,
                69,
                183
            ],
            "payload": "c028456066cfb6cd8481fce1"
        },
        "tx_info": {
            "context": "gwNUqg==",
            "frequency": 865402500,
            "modulation": {
                "lora": {
                    "bandwidth": 125000,
                    "codeRate": "CR_4_5",
                    "polarizationInversion": true,
                    "spreadingFactor": 7
                }
            },
            "power": 30,
            "timing": {
                "delay": {
                    "delay": "5s"
                }
            }
        }
    },
    {
        "phy_payload": {
            "mhdr": {
                "f_type": "JoinRequest",
                "major": "LoRaWANR1"
            },
            "mic": [
                95,
                80,
                189,
                69
            ],
            "payload": {
                "dev_eui": "b112e4e73d30bf9f",
                "dev_nonce": 6996,
                "join_eui": "0000000000000000"
            }
        },
        "rx_info": [
            {
                "channel": 1,
                "context": "gwNUqg==",
                "crcStatus": "CRC_OK",
                "gatewayId": "0016c001ff1e795c",
                "gwTime": "2025-10-24T12:30:37.033578+00:00",
                "location": {
                    "latitude": 25.262053555076516,
                    "longitude": 82.9930720866443
                },
                "nsTime": "2025-10-24T11:54:00.059699748+00:00",
                "rssi": -73,
                "snr": 13.25,
                "timeSinceGpsEpoch": "1445344256.041s",
                "uplinkId": 42009
            }
        ],
        "tx_info": {
            "frequency": 865402500,
            "modulation": {
                "lora": {
                    "bandwidth": 125000,
                    "codeRate": "CR_4_5",
                    "spreadingFactor": 7
                }
            }
        }
    }
]