[
    {
        "phy_payload": {
            "mhdr": {
                "f_type": "UnconfirmedDataDown",
                "major": "LoRaWANR1"
            },
            "mic": [
                203,
                37,
                153,
                96
            ],
            "payload": {
                "f_port": null,
                "fhdr": {
                    "devaddr": "005f5eab",
                    "f_cnt": 0,
                    "f_ctrl": {
                        "ack": false,
                        "adr": true,
                        "adr_ack_req": false,
                        "class_b": false,
                        "f_opts_len": 6,
                        "f_pending": false
                    },
                    "f_opts": [
                        {
                            "Raw": [
                                3,
                                83,
                                7,
                                0,
                                1,
                                6
                            ]
                        }
                    ]
                },
                "frm_payload": null
            }
        },
        "tx_info": {
            "context": "AENZ3w==",
            "frequency": 865402500,
            "modulation": {
                "lora": {
                    "bandwidth": 125000,
                    "codeRate": "CR_4_5",
                    "polarizationInversion": true,
                    "spreadingFactor": 7
                }
            },
            "power": 30,
            "timing": {
                "delay": {
                    "delay": "1s"
                }
            }
        }
    },
    {
        "phy_payload": {
            "mhdr": {
                "f_type": "UnconfirmedDataUp",
                "major": "LoRaWANR1"
            },
            "mic": [
                49,
                123,
                116,
                55
            ],
            "payload": {
                "f_port": 1,
                "fhdr": {
                    "devaddr": "005f5eab",
                    "f_cnt": 0,
                    "f_ctrl": {
                        "ack": false,
                        "adr": true,
                        "adr_ack_req": false,
                        "class_b": false,
                        "f_opts_len": 0,
                        "f_pending": false
                    },
                    "f_opts": []
                },
                "frm_payload": "d4b7beee"
            }
        },
        "rx_info": [
            {
                "channel": 1,
                "context": "AENZ3w==",
                "crcStatus": "CRC_OK",
                "gatewayId": "0016c001f15674d1",
                "gwTime": "2025-10-16T11:42:51.313879465+00:00",
                "location": {
                    "altitude": 113,
                    "latitude": 25.262345833333335,
                    "longitude": 82.99318016666666
                },
                "nsTime": "2025-10-24T11:56:06.323757118+00:00",
                "rssi": -50,
                "snr": 13.25,
                "uplinkId": 17882
            }
        ],
        "tx_info": {
            "frequency": 865402500,
            "modulation": {
                "lora": {
                    "bandwidth": 125000,
                    "codeRate": "CR_4_5",
                    "spreadingFactor": 7
                }
            }
        }
    },
    {
        "phy_payload": {
            "mhdr": {
                "f_type": "UnconfirmedDataDown",
                "major": "LoRaWANR1"
            },
            "mic": [
                134,
                217,
                37,
                145
            ],
            "payload": {
                "f_port": null,
                "fhdr": {
                    "devaddr": "00a53f81",
                    "f_cnt": 0,
                    "f_ctrl": {
                        "ack": false,
                        "adr": true,
                        "adr_ack_req": false,
                        "class_b": false,
                        "f_opts_len": 6,
                        "f_pending": false
                    },
                    "f_opts": [
                        {
                            "Raw": [
                                3,
                                83,
                                7,
                                0,
                                1,
                                6
                            ]
                        }
                    ]
                },
                "frm_payload": null
            }
        },
        "tx_info": {
            "context": "DJedUw==",
            "frequency": 865062500,
            "modulation": {
                "lora": {
                    "bandwidth": 125000,
                    "codeRate": "CR_4_5",
                    "polarizationInversion": true,
                    "spreadingFactor": 7
                }
            },
            "power": 30,
            "timing": {
                "delay": {
                    "delay": "1s"
                }
            }
        }
    },
    {
        "phy_payload": {
            "mhdr": {
                "f_type": "UnconfirmedDataUp",
                "major": "LoRaWANR1"
            },
            "mic": [
                99,
                252,
                14,
                14
            ],
            "payload": {
                "f_port": 1,
                "fhdr": {
                    "devaddr": "00a53f81",
                    "f_cnt": 0,
                    "f_ctrl": {
                        "ack": false,
                        "adr": true,
                        "adr_ack_req": false,
                        "class_b": false,
                        "f_opts_len": 0,
                        "f_pending": false
                    },
                    "f_opts": []
                },
                "frm_payload": "66382812"
            }
        },
        "rx_info": [
            {
                "context": "DJedUw==",
                "crcStatus": "CRC_OK",
                "gatewayId": "0016c001f15674d1",
                "gwTime": "2025-10-24T11:56:37.262802999+00:00",
                "location": {
                    "altitude": 113,
                    "latitude": 25.262345833333335,
                    "longitude": 82.99318016666666
                },
                "nsTime": "2025-10-24T11:53:06.187541544+00:00",
                "rssi": -36,
                "snr": 13.5,
                "timeSinceGpsEpoch": "1445342215.262s",
                "uplinkId": 46818
            }
        ],
        "tx_info": {
            "frequency": 865062500,
            "modulation": {
                "lora": {
                    "bandwidth": 125000,
                    "codeRate": "CR_4_5",
                    "spreadingFactor": 7
                }
            }
        }
    },
    {
        "phy_payload": {
            "mhdr": {
                "f_type": "UnconfirmedDataUp",
                "major": "LoRaWANR1"
            },
            "mic": [
                99,
                252,
                14,
                14
            ],
            "payload": {
                "f_port": 1,
                "fhdr": {
                    "devaddr": "00a53f81",
                    "f_cnt": 0,
                    "f_ctrl": {
                        "ack": false,
                        "adr": true,
                        "adr_ack_req": false,
                        "class_b": false,
                        "f_opts_len": 0,
                        "f_pending": false
                    },
                    "f_opts": []
                },
                "frm_payload": "66382812"
            }
        },
        "rx_info": [
            {
                "context": "DJedUw==",
                "crcStatus": "CRC_OK",
                "gatewayId": "0016c001f15674d1",
                "gwTime": "2025-10-24T11:56:37.262802999+00:00",
                "location": {
                    "altitude": 113,
                    "latitude": 25.262345833333335,
                    "longitude": 82.99318016666666
                },
                "nsTime": "2025-10-24T11:53:06.186083854+00:00",
                "rssi": -36,
                "snr": 13.5,
                "timeSinceGpsEpoch": "1445342215.262457014s",
                "uplinkId": 3505972086
            }
        ],
        "tx_info": {
            "frequency": 865062500,
            "modulation": {
                "lora": {
                    "bandwidth": 125000,
                    "codeRate": "CR_4_5",
                    "spreadingFactor": 7
                }
            }
        }
    },
    {
        "phy_payload": {
            "mhdr": {
                "f_type": "JoinRequest",
                "major": "LoRaWANR1"
            },
            "mic": [
                76,
                209,
                35,
                210
            ],
            "payload": {
                "dev_eui": "b112e4e73d30bf9f",
                "dev_nonce": 50546,
                "join_eui": "0000000000000000"
            }
        },
        "rx_info": [
            {
                "channel": 1,
                "context": "DEe9fw==",
                "crcStatus": "CRC_OK",
                "gatewayId": "0016c001f15674d1",
                "gwTime": "2025-10-24T11:56:27.028158999+00:00",
                "location": {
                    "altitude": 113,
                    "latitude": 25.262345833333335,
                    "longitude": 82.99318016666666
                },
                "nsTime": "2025-10-24T11:53:00.955729875+00:00",
                "rssi": -35,
                "snr": 14,
                "timeSinceGpsEpoch": "1445342205.027s",
                "uplinkId": 43558
            }
        ],
        "tx_info": {
            "frequency": 865402500,
            "modulation": {
                "lora": {
                    "bandwidth": 125000,
                    "codeRate": "CR_4_5",
                    "spreadingFactor": 7
                }
            }
        }
    },
    {
        "phy_payload": {
            "mhdr": {
                "f_type": "JoinRequest",
                "major": "LoRaWANR1"
            },
            "mic": [
                76,
                209,
                35,
                210
            ],
            "payload": {
                "dev_eui": "b112e4e73d30bf9f",
                "dev_nonce": 50546,
                "join_eui": "0000000000000000"
            }
        },
        "rx_info": [
            {
                "channel": 1,
                "context": "DEe9fw==",
                "crcStatus": "CRC_OK",
                "gatewayId": "0016c001f15674d1",
                "gwTime": "2025-10-24T11:56:27.028158999+00:00",
                "location": {
                    "altitude": 113,
                    "latitude": 25.262345833333335,
                    "longitude": 82.99318016666666
                },
                "nsTime": "2025-10-24T11:53:00.954128166+00:00",
                "rssi": -35,
                "snr": 14,
                "timeSinceGpsEpoch": "1445342205.027810478s",
                "uplinkId": 1387087029
            }
        ],
        "tx_info": {
            "frequency": 865402500,
            "modulation": {
                "lora": {
                    "bandwidth": 125000,
                    "codeRate": "CR_4_5",
                    "spreadingFactor": 7
                }
            }
        }
    },
    {
        "phy_payload": {
            "mhdr": {
                "f_type": "UnconfirmedDataUp",
                "major": "LoRaWANR1"
            },
            "mic": [
                240,
                158,
                45,
                26
            ],
            "payload": {
                "f_port": 1,
                "fhdr": {
                    "devaddr": "002ab54f",
                    "f_cnt": 0,
                    "f_ctrl": {
                        "ack": false,
                        "adr": true,
                        "adr_ack_req": false,
                        "class_b": false,
                        "f_opts_len": 0,
                        "f_pending": false
                    },
                    "f_opts": []
                },
                "frm_payload": "5995d5fa"
            }
        },
        "rx_info": [
            {
                "context": "AkxP3A==",
                "crcStatus": "CRC_OK",
                "gatewayId": "0016c001f15674d1",
                "gwTime": "2025-10-24T11:50:51.555612+00:00",
                "location": {
                    "altitude": 113,
                    "latitude": 25.262345833333335,
                    "longitude": 82.99318016666666
                },
                "nsTime": "2025-10-24T11:50:13.376078892+00:00",
                "rssi": -36,
                "snr": 13.25,
                "timeSinceGpsEpoch": "1445341869.555s",
                "uplinkId": 55092
            }
        ],
        "tx_info": {
            "frequency": 865062500,
            "modulation": {
                "lora": {
                    "bandwidth": 125000,
                    "codeRate": "CR_4_5",
                    "spreadingFactor": 7
                }
            }
        }
    },
    {
        "phy_payload": {
            "mhdr": {
                "f_type": "UnconfirmedDataUp",
                "major": "LoRaWANR1"
            },
            "mic": [
                240,
                158,
                45,
                26
            ],
            "payload": {
                "f_port": 1,
                "fhdr": {
                    "devaddr": "002ab54f",
                    "f_cnt": 0,
                    "f_ctrl": {
                        "ack": false,
                        "adr": true,
                        "adr_ack_req": false,
                        "class_b": false,
                        "f_opts_len": 0,
                        "f_pending": false
                    },
                    "f_opts": []
                },
                "frm_payload": "5995d5fa"
            }
        },
        "rx_info": [
            {
                "context": "AkxP3A==",
                "crcStatus": "CRC_OK",
                "gatewayId": "0016c001f15674d1",
                "gwTime": "2025-10-24T11:50:51.555612+00:00",
                "location": {
                    "altitude": 113,
                    "latitude": 25.262345833333335,
                    "longitude": 82.99318016666666
                },
                "nsTime": "2025-10-24T11:50:13.375208894+00:00",
                "rssi": -36,
                "snr": 13.25,
                "timeSinceGpsEpoch": "1445341869.555748532s",
                "uplinkId": 3551226903
            }
        ],
        "tx_info": {
            "frequency": 865062500,
            "modulation": {
                "lora": {
                    "bandwidth": 125000,
                    "codeRate": "CR_4_5",
                    "spreadingFactor": 7
                }
            }
        }
    },
    {
        "phy_payload": {
            "mhdr": {
                "f_type": "JoinRequest",
                "major": "LoRaWANR1"
            },
            "mic": [
                249,
                176,
                125,
                40
            ],
            "payload": {
                "dev_eui": "b112e4e73d30bf9f",
                "dev_nonce": 53409,
                "join_eui": "0000000000000000"
            }
        },
        "rx_info": [
            {
                "channel": 1,
                "context": "AfxwBQ==",
                "crcStatus": "CRC_OK",
                "gatewayId": "0016c001f15674d1",
                "gwTime": "2025-10-24T11:50:41.320965+00:00",
                "location": {
                    "altitude": 113,
                    "latitude": 25.262345833333335,
                    "longitude": 82.99318016666666
                },
                "nsTime": "2025-10-24T11:50:08.141545200+00:00",
                "rssi": -39,
                "snr": 13.25,
                "timeSinceGpsEpoch": "1445341859.321091486s",
                "uplinkId": 2836563126
            }
        ],
        "tx_info": {
            "frequency": 865402500,
            "modulation": {
                "lora": {
                    "bandwidth": 125000,
                    "codeRate": "CR_4_5",
                    "spreadingFactor": 7
                }
            }
        }
    }
]