[
    {
        "phy_payload": {
            "mhdr": {
                "f_type": "JoinRequest",
                "major": "LoRaWANR1"
            },
            "mic": [
                75,
                234,
                73,
                202
            ],
            "payload": {
                "dev_eui": "b112e4e73d30bf9f",
                "dev_nonce": 61421,
                "join_eui": "0000000000000000"
            }
        },
        "rx_info": [
            {
                "channel": 1,
                "context": "kqynyQ==",
                "crcStatus": "CRC_OK",
                "gatewayId": "0016c001ff1e795c",
                "gwTime": "2025-10-24T12:39:22.788680999+00:00",
                "location": {
                    "latitude": 25.262053555076516,
                    "longitude": 82.9930720866443
                },
                "nsTime": "2025-10-24T11:58:22.856156919+00:00",
                "rssi": -72,
                "snr": 13.75,
                "timeSinceGpsEpoch": "1445344781.788906668s",
                "uplinkId": 1229461355
            }
        ],
        "tx_info": {
            "frequency": 865402500,
            "modulation": {
                "lora": {
                    "bandwidth": 125000,
                    "codeRate": "CR_4_5",
                    "spreadingFactor": 7
                }
            }
        }
    },
    {
        "phy_payload": {
            "mhdr": {
                "f_type": "JoinRequest",
                "major": "LoRaWANR1"
            },
            "mic": [
                75,
                234,
                73,
                202
            ],
            "payload": {
                "dev_eui": "b112e4e73d30bf9f",
                "dev_nonce": 61421,
                "join_eui": "0000000000000000"
            }
        },
        "rx_info": [
            {
                "channel": 1,
                "context": "kqynyQ==",
                "crcStatus": "CRC_OK",
                "gatewayId": "0016c001ff1e795c",
                "gwTime": "2025-10-24T12:39:22.788680999+00:00",
                "location": {
                    "latitude": 25.262053555076516,
                    "longitude": 82.9930720866443
                },
                "nsTime": "2025-10-24T11:58:22.858522840+00:00",
                "rssi": -72,
                "snr": 13.75,
                "timeSinceGpsEpoch": "1445344781.788s",
                "uplinkId": 9840
            }
        ],
        "tx_info": {
            "frequency": 865402500,
            "modulation": {
                "lora": {
                    "bandwidth": 125000,
                    "codeRate": "CR_4_5",
                    "spreadingFactor": 7
                }
            }
        }
    },
    {
        "phy_payload": {
            "mhdr": {
                "f_type": "UnconfirmedDataDown",
                "major": "LoRaWANR1"
            },
            "mic": [
                28,
                78,
                150,
                173
            ],
            "payload": {
                "f_port": null,
                "fhdr": {
                    "devaddr": "001ad56e",
                    "f_cnt": 0,
                    "f_ctrl": {
                        "ack": false,
                        "adr": true,
                        "adr_ack_req": false,
                        "class_b": false,
                        "f_opts_len": 6,
                        "f_pending": false
                    },
                    "f_opts": [
                        {
                            "Raw": [
                                3,
                                83,
                                7,
                                0,
                                1,
                                6
                            ]
                        }
                    ]
                },
                "frm_payload": null
            }
        },
        "tx_info": {
            "context": "jSgRbQ==",
            "frequency": 866550000,
            "modulation": {
                "lora": {
                    "bandwidth": 125000,
                    "codeRate": "CR_4_5",
                    "polarizationInversion": true,
                    "spreadingFactor": 10
                }
            },
            "power": 30,
            "timing": {
                "delay": {
                    "delay": "2s"
                }
            }
        }
    },
    {
        "phy_payload": {
            "mhdr": {
                "f_type": "UnconfirmedDataUp",
                "major": "LoRaWANR1"
            },
            "mic": [
                49,
                108,
                118,
                161
            ],
            "payload": {
                "f_port": 1,
                "fhdr": {
                    "devaddr": "001ad56e",
                    "f_cnt": 0,
                    "f_ctrl": {
                        "ack": false,
                        "adr": true,
                        "adr_ack_req": false,
                        "class_b": false,
                        "f_opts_len": 0,
                        "f_pending": false
                    },
                    "f_opts": []
                },
                "frm_payload": "5dbb8cba"
            }
        },
        "rx_info": [
            {
                "context": "jSgRbQ==",
                "crcStatus": "CRC_OK",
                "gatewayId": "0016c001ff1e795c",
                "gwTime": "2025-10-24T12:36:17.213357+00:00",
                "location": {
                    "latitude": 25.262053555076516,
                    "longitude": 82.9930720866443
                },
                "nsTime": "2025-10-24T11:56:50.282895310+00:00",
                "rssi": -67,
                "snr": 13,
                "timeSinceGpsEpoch": "1445344596.213s",
                "uplinkId": 11458
            }
        ],
        "tx_info": {
            "frequency": 865062500,
            "modulation": {
                "lora": {
                    "bandwidth": 125000,
                    "codeRate": "CR_4_5",
                    "spreadingFactor": 7
                }
            }
        }
    },
    {
        "phy_payload": {
            "mhdr": {
                "f_type": "UnconfirmedDataUp",
                "major": "LoRaWANR1"
            },
            "mic": [
                49,
                108,
                118,
                161
            ],
            "payload": {
                "f_port": 1,
                "fhdr": {
                    "devaddr": "001ad56e",
                    "f_cnt": 0,
                    "f_ctrl": {
                        "ack": false,
                        "adr": true,
                        "adr_ack_req": false,
                        "class_b": false,
                        "f_opts_len": 0,
                        "f_pending": false
                    },
                    "f_opts": []
                },
                "frm_payload": "5dbb8cba"
            }
        },
        "rx_info": [
            {
                "context": "jSgRbQ==",
                "crcStatus": "CRC_OK",
                "gatewayId": "0016c001ff1e795c",
                "gwTime": "2025-10-24T12:36:17.213357+00:00",
                "location": {
                    "latitude": 25.262053555076516,
                    "longitude": 82.9930720866443
                },
                "nsTime": "2025-10-24T11:56:50.281566805+00:00",
                "rssi": -67,
                "snr": 13,
                "timeSinceGpsEpoch": "1445344596.213546819s",
                "uplinkId": 1623854008
            }
        ],
        "tx_info": {
            "frequency": 865062500,
            "modulation": {
                "lora": {
                    "bandwidth": 125000,
                    "codeRate": "CR_4_5",
                    "spreadingFactor": 7
                }
            }
        }
    },
    {
        "phy_payload": {
            "mhdr": {
                "f_type": "JoinAccept",
                "major": "LoRaWANR1"
            },
            "mic": [
                182,
                243,
                205,
                64
            ],
            "payload": "cc63bf870faf10117098959a"
        },
        "tx_info": {
            "context": "jNgxgQ==",
            "frequency": 865402500,
            "modulation": {
                "lora": {
                    "bandwidth": 125000,
                    "codeRate": "CR_4_5",
                    "polarizationInversion": true,
                    "spreadingFactor": 7
                }
            },
            "power": 30,
            "timing": {
                "delay": {
                    "delay": "5s"
                }
            }
        }
    },
    {
        "phy_payload": {
            "mhdr": {
                "f_type": "JoinRequest",
                "major": "LoRaWANR1"
            },
            "mic": [
                60,
                119,
                2,
                251
            ],
            "payload": {
                "dev_eui": "b112e4e73d30bf9f",
                "dev_nonce": 15094,
                "join_eui": "0000000000000000"
            }
        },
        "rx_info": [
            {
                "channel": 1,
                "context": "jNgxgQ==",
                "crcStatus": "CRC_OK",
                "gatewayId": "0016c001ff1e795c",
                "gwTime": "2025-10-24T12:36:06.978689+00:00",
                "location": {
                    "latitude": 25.262053555076516,
                    "longitude": 82.9930720866443
                },
                "nsTime": "2025-10-24T11:56:45.090601484+00:00",
                "rssi": -73,
                "snr": 14.25,
                "timeSinceGpsEpoch": "1445344585.978s",
                "uplinkId": 44628
            }
        ],
        "tx_info": {
            "frequency": 865402500,
            "modulation": {
                "lora": {
                    "bandwidth": 125000,
                    "codeRate": "CR_4_5",
                    "spreadingFactor": 7
                }
            }
        }
    },
    {
        "phy_payload": {
            "mhdr": {
                "f_type": "JoinRequest",
                "major": "LoRaWANR1"
            },
            "mic": [
                60,
                119,
                2,
                251
            ],
            "payload": {
                "dev_eui": "b112e4e73d30bf9f",
                "dev_nonce": 15094,
                "join_eui": "0000000000000000"
            }
        },
        "rx_info": [
            {
                "channel": 1,
                "context": "jNgxgQ==",
                "crcStatus": "CRC_OK",
                "gatewayId": "0016c001ff1e795c",
                "gwTime": "2025-10-24T12:36:06.978689+00:00",
                "location": {
                    "latitude": 25.262053555076516,
                    "longitude": 82.9930720866443
                },
                "nsTime": "2025-10-24T11:56:45.047876188+00:00",
                "rssi": -73,
                "snr": 14.25,
                "timeSinceGpsEpoch": "1445344585.978876892s",
                "uplinkId": 1948666887
            }
        ],
        "tx_info": {
            "frequency": 865402500,
            "modulation": {
                "lora": {
                    "bandwidth": 125000,
                    "codeRate": "CR_4_5",
                    "spreadingFactor": 7
                }
            }
        }
    },
    {
        "phy_payload": {
            "mhdr": {
                "f_type": "UnconfirmedDataUp",
                "major": "LoRaWANR1"
            },
            "mic": [
                49,
                123,
                116,
                55
            ],
            "payload": {
                "f_port": 1,
                "fhdr": {
                    "devaddr": "005f5eab",
                    "f_cnt": 0,
                    "f_ctrl": {
                        "ack": false,
                        "adr": true,
                        "adr_ack_req": false,
                        "class_b": false,
                        "f_opts_len": 0,
                        "f_pending": false
                    },
                    "f_opts": []
                },
                "frm_payload": "d4b7beee"
            }
        },
        "rx_info": [
            {
                "channel": 1,
                "context": "ioezLQ==",
                "crcStatus": "CRC_OK",
                "gatewayId": "0016c001ff1e795c",
                "gwTime": "2025-10-24T12:34:49.149037+00:00",
                "location": {
                    "latitude": 25.262053555076516,
                    "longitude": 82.9930720866443
                },
                "nsTime": "2025-10-24T11:56:06.322066487+00:00",
                "rssi": -64,
                "snr": 13.5,
                "timeSinceGpsEpoch": "1445344508.149209858s",
                "uplinkId": 2945425423
            }
        ],
        "tx_info": {
            "frequency": 865402500,
            "modulation": {
                "lora": {
                    "bandwidth": 125000,
                    "codeRate": "CR_4_5",
                    "spreadingFactor": 7
                }
            }
        }
    },
    {
        "phy_payload": {
            "mhdr": {
                "f_type": "UnconfirmedDataUp",
                "major": "LoRaWANR1"
            },
            "mic": [
                49,
                123,
                116,
                55
            ],
            "payload": {
                "f_port": 1,
                "fhdr": {
                    "devaddr": "005f5eab",
                    "f_cnt": 0,
                    "f_ctrl": {
                        "ack": false,
                        "adr": true,
                        "adr_ack_req": false,
                        "class_b": false,
                        "f_opts_len": 0,
                        "f_pending": false
                    },
                    "f_opts": []
                },
                "frm_payload": "d4b7beee"
            }
        },
        "rx_info": [
            {
                "channel": 1,
                "context": "ioezLQ==",
                "crcStatus": "CRC_OK",
                "gatewayId": "0016c001ff1e795c",
                "gwTime": "2025-10-24T12:34:49.149037+00:00",
                "location": {
                    "latitude": 25.262053555076516,
                    "longitude": 82.9930720866443
                },
                "nsTime": "2025-10-24T11:56:06.324257487+00:00",
                "rssi": -64,
                "snr": 13.5,
                "timeSinceGpsEpoch": "1445344508.149s",
                "uplinkId": 41665
            }
        ],
        "tx_info": {
            "frequency": 865402500,
            "modulation": {
                "lora": {
                    "bandwidth": 125000,
                    "codeRate": "CR_4_5",
                    "spreadingFactor": 7
                }
            }
        }
    }
]