[
    {
        "phy_payload": {
            "mhdr": {
                "f_type": "UnconfirmedDataDown",
                "major": "LoRaWANR1"
            },
            "mic": [
                76,
                154,
                154,
                127
            ],
            "payload": {
                "f_port": null,
                "fhdr": {
                    "devaddr": "0002b99c",
                    "f_cnt": 0,
                    "f_ctrl": {
                        "ack": false,
                        "adr": true,
                        "adr_ack_req": false,
                        "class_b": false,
                        "f_opts_len": 6,
                        "f_pending": false
                    },
                    "f_opts": [
                        {
                            "Raw": [
                                3,
                                83,
                                7,
                                0,
                                1,
                                6
                            ]
                        }
                    ]
                },
                "frm_payload": null
            }
        },
        "tx_info": {
            "context": "mumlWg==",
            "frequency": 866550000,
            "modulation": {
                "lora": {
                    "bandwidth": 125000,
                    "codeRate": "CR_4_5",
                    "polarizationInversion": true,
                    "spreadingFactor": 10
                }
            },
            "power": 30,
            "timing": {
                "delay": {
                    "delay": "2s"
                }
            }
        }
    },
    {
        "phy_payload": {
            "mhdr": {
                "f_type": "UnconfirmedDataUp",
                "major": "LoRaWANR1"
            },
            "mic": [
                136,
                28,
                31,
                246
            ],
            "payload": {
                "f_port": 1,
                "fhdr": {
                    "devaddr": "0002b99c",
                    "f_cnt": 0,
                    "f_ctrl": {
                        "ack": false,
                        "adr": true,
                        "adr_ack_req": false,
                        "class_b": false,
                        "f_opts_len": 0,
                        "f_pending": false
                    },
                    "f_opts": []
                },
                "frm_payload": "294fc417"
            }
        },
        "rx_info": [
            {
                "channel": 1,
                "context": "mumlWg==",
                "crcStatus": "CRC_OK",
                "gatewayId": "0016c001ff1e795c",
                "gwTime": "2025-10-24T12:43:59.003482+00:00",
                "location": {
                    "latitude": 25.262053555076516,
                    "longitude": 82.9930720866443
                },
                "nsTime": "2025-10-24T12:00:41.176756112+00:00",
                "rssi": -62,
                "snr": 14,
                "timeSinceGpsEpoch": "1445345058.003s",
                "uplinkId": 44624
            }
        ],
        "tx_info": {
            "frequency": 865402500,
            "modulation": {
                "lora": {
                    "bandwidth": 125000,
                    "codeRate": "CR_4_5",
                    "spreadingFactor": 7
                }
            }
        }
    },
    {
        "phy_payload": {
            "mhdr": {
                "f_type": "UnconfirmedDataUp",
                "major": "LoRaWANR1"
            },
            "mic": [
                136,
                28,
                31,
                246
            ],
            "payload": {
                "f_port": 1,
                "fhdr": {
                    "devaddr": "0002b99c",
                    "f_cnt": 0,
                    "f_ctrl": {
                        "ack": false,
                        "adr": true,
                        "adr_ack_req": false,
                        "class_b": false,
                        "f_opts_len": 0,
                        "f_pending": false
                    },
                    "f_opts": []
                },
                "frm_payload": "294fc417"
            }
        },
        "rx_info": [
            {
                "channel": 1,
                "context": "mumlWg==",
                "crcStatus": "CRC_OK",
                "gatewayId": "0016c001ff1e795c",
                "gwTime": "2025-10-24T12:43:59.003482+00:00",
                "location": {
                    "latitude": 25.262053555076516,
                    "longitude": 82.9930720866443
                },
                "nsTime": "2025-10-24T12:00:41.175819179+00:00",
                "rssi": -62,
                "snr": 14,
                "timeSinceGpsEpoch": "1445345058.003762550s",
                "uplinkId": 3894594891
            }
        ],
        "tx_info": {
            "frequency": 865402500,
            "modulation": {
                "lora": {
                    "bandwidth": 125000,
                    "codeRate": "CR_4_5",
                    "spreadingFactor": 7
                }
            }
        }
    },
    {
        "phy_payload": {
            "mhdr": {
                "f_type": "JoinAccept",
                "major": "LoRaWANR1"
            },
            "mic": [
                213,
                113,
                218,
                120
            ],
            "payload": "7461dbce20c24c8836c8944a"
        },
        "tx_info": {
            "context": "mpnJlg==",
            "frequency": 865985000,
            "modulation": {
                "lora": {
                    "bandwidth": 125000,
                    "codeRate": "CR_4_5",
                    "polarizationInversion": true,
                    "spreadingFactor": 7
                }
            },
            "power": 30,
            "timing": {
                "delay": {
                    "delay": "5s"
                }
            }
        }
    },
    {
        "phy_payload": {
            "mhdr": {
                "f_type": "JoinRequest",
                "major": "LoRaWANR1"
            },
            "mic": [
                148,
                81,
                96,
                201
            ],
            "payload": {
                "dev_eui": "b112e4e73d30bf9f",
                "dev_nonce": 28638,
                "join_eui": "0000000000000000"
            }
        },
        "rx_info": [
            {
                "channel": 2,
                "context": "mpnJlg==",
                "crcStatus": "CRC_OK",
                "gatewayId": "0016c001ff1e795c",
                "gwTime": "2025-10-24T12:43:47.769878+00:00",
                "location": {
                    "latitude": 25.262053555076516,
                    "longitude": 82.9930720866443
                },
                "nsTime": "2025-10-24T12:00:35.829864869+00:00",
                "rfChain": 1,
                "rssi": -63,
                "snr": 14,
                "timeSinceGpsEpoch": "1445345046.770156094s",
                "uplinkId": 1588654719
            }
        ],
        "tx_info": {
            "frequency": 865985000,
            "modulation": {
                "lora": {
                    "bandwidth": 125000,
                    "codeRate": "CR_4_5",
                    "spreadingFactor": 7
                }
            }
        }
    },
    {
        "phy_payload": {
            "mhdr": {
                "f_type": "JoinRequest",
                "major": "LoRaWANR1"
            },
            "mic": [
                148,
                81,
                96,
                201
            ],
            "payload": {
                "dev_eui": "b112e4e73d30bf9f",
                "dev_nonce": 28638,
                "join_eui": "0000000000000000"
            }
        },
        "rx_info": [
            {
                "channel": 2,
                "context": "mpnJlg==",
                "crcStatus": "CRC_OK",
                "gatewayId": "0016c001ff1e795c",
                "gwTime": "2025-10-24T12:43:47.769878+00:00",
                "location": {
                    "latitude": 25.262053555076516,
                    "longitude": 82.9930720866443
                },
                "nsTime": "2025-10-24T12:00:35.830995828+00:00",
                "rfChain": 1,
                "rssi": -63,
                "snr": 14,
                "timeSinceGpsEpoch": "1445345046.770s",
                "uplinkId": 36550
            }
        ],
        "tx_info": {
            "frequency": 865985000,
            "modulation": {
                "lora": {
                    "bandwidth": 125000,
                    "codeRate": "CR_4_5",
                    "spreadingFactor": 7
                }
            }
        }
    },
    {
        "phy_payload": {
            "mhdr": {
                "f_type": "JoinRequest",
                "major": "LoRaWANR1"
            },
            "mic": [
                75,
                234,
                73,
                202
            ],
            "payload": {
                "dev_eui": "b112e4e73d30bf9f",
                "dev_nonce": 61421,
                "join_eui": "0000000000000000"
            }
        },
        "rx_info": [
            {
                "channel": 1,
                "context": "kqynyQ==",
                "crcStatus": "CRC_OK",
                "gatewayId": "0016c001ff1e795c",
                "gwTime": "2025-10-24T12:39:22.788680999+00:00",
                "location": {
                    "latitude": 25.262053555076516,
                    "longitude": 82.9930720866443
                },
                "nsTime": "2025-10-24T11:58:22.856156919+00:00",
                "rssi": -72,
                "snr": 13.75,
                "timeSinceGpsEpoch": "1445344781.788906668s",
                "uplinkId": 1229461355
            }
        ],
        "tx_info": {
            "frequency": 865402500,
            "modulation": {
                "lora": {
                    "bandwidth": 125000,
                    "codeRate": "CR_4_5",
                    "spreadingFactor": 7
                }
            }
        }
    },
    {
        "phy_payload": {
            "mhdr": {
                "f_type": "JoinRequest",
                "major": "LoRaWANR1"
            },
            "mic": [
                75,
                234,
                73,
                202
            ],
            "payload": {
                "dev_eui": "b112e4e73d30bf9f",
                "dev_nonce": 61421,
                "join_eui": "0000000000000000"
            }
        },
        "rx_info": [
            {
                "channel": 1,
                "context": "kqynyQ==",
                "crcStatus": "CRC_OK",
                "gatewayId": "0016c001ff1e795c",
                "gwTime": "2025-10-24T12:39:22.788680999+00:00",
                "location": {
                    "latitude": 25.262053555076516,
                    "longitude": 82.9930720866443
                },
                "nsTime": "2025-10-24T11:58:22.858522840+00:00",
                "rssi": -72,
                "snr": 13.75,
                "timeSinceGpsEpoch": "1445344781.788s",
                "uplinkId": 9840
            }
        ],
        "tx_info": {
            "frequency": 865402500,
            "modulation": {
                "lora": {
                    "bandwidth": 125000,
                    "codeRate": "CR_4_5",
                    "spreadingFactor": 7
                }
            }
        }
    },
    {
        "phy_payload": {
            "mhdr": {
                "f_type": "UnconfirmedDataDown",
                "major": "LoRaWANR1"
            },
            "mic": [
                28,
                78,
                150,
                173
            ],
            "payload": {
                "f_port": null,
                "fhdr": {
                    "devaddr": "001ad56e",
                    "f_cnt": 0,
                    "f_ctrl": {
                        "ack": false,
                        "adr": true,
                        "adr_ack_req": false,
                        "class_b": false,
                        "f_opts_len": 6,
                        "f_pending": false
                    },
                    "f_opts": [
                        {
                            "Raw": [
                                3,
                                83,
                                7,
                                0,
                                1,
                                6
                            ]
                        }
                    ]
                },
                "frm_payload": null
            }
        },
        "tx_info": {
            "context": "jSgRbQ==",
            "frequency": 866550000,
            "modulation": {
                "lora": {
                    "bandwidth": 125000,
                    "codeRate": "CR_4_5",
                    "polarizationInversion": true,
                    "spreadingFactor": 10
                }
            },
            "power": 30,
            "timing": {
                "delay": {
                    "delay": "2s"
                }
            }
        }
    },
    {
        "phy_payload": {
            "mhdr": {
                "f_type": "UnconfirmedDataUp",
                "major": "LoRaWANR1"
            },
            "mic": [
                49,
                108,
                118,
                161
            ],
            "payload": {
                "f_port": 1,
                "fhdr": {
                    "devaddr": "001ad56e",
                    "f_cnt": 0,
                    "f_ctrl": {
                        "ack": false,
                        "adr": true,
                        "adr_ack_req": false,
                        "class_b": false,
                        "f_opts_len": 0,
                        "f_pending": false
                    },
                    "f_opts": []
                },
                "frm_payload": "5dbb8cba"
            }
        },
        "rx_info": [
            {
                "context": "jSgRbQ==",
                "crcStatus": "CRC_OK",
                "gatewayId": "0016c001ff1e795c",
                "gwTime": "2025-10-24T12:36:17.213357+00:00",
                "location": {
                    "latitude": 25.262053555076516,
                    "longitude": 82.9930720866443
                },
                "nsTime": "2025-10-24T11:56:50.282895310+00:00",
                "rssi": -67,
                "snr": 13,
                "timeSinceGpsEpoch": "1445344596.213s",
                "uplinkId": 11458
            }
        ],
        "tx_info": {
            "frequency": 865062500,
            "modulation": {
                "lora": {
                    "bandwidth": 125000,
                    "codeRate": "CR_4_5",
                    "spreadingFactor": 7
                }
            }
        }
    }
]